INSERT INTO departments (id, organization_id, name, created_at, updated_at, version)
VALUES
    ('88888888-8888-8888-8888-888888888888', '11111111-1111-1111-1111-111111111111', 'Marketing', now(), now(), 0),
    ('99999999-9999-9999-9999-999999999999', '11111111-1111-1111-1111-111111111111', 'Operations', now(), now(), 0);

INSERT INTO app_users (id, organization_id, department_id, name, email, role, created_at, updated_at, version)
VALUES
    ('aaaaaaaa-aaaa-aaaa-aaaa-aaaaaaaaaaaa', '11111111-1111-1111-1111-111111111111', '33333333-3333-3333-3333-333333333333', 'Miguel Santos', 'miguel@example.com', 'TEAM_LEAD', now(), now(), 0),
    ('bbbbbbbb-bbbb-bbbb-bbbb-bbbbbbbbbbbb', '11111111-1111-1111-1111-111111111111', '88888888-8888-8888-8888-888888888888', 'Priya Shah', 'priya@example.com', 'EMPLOYEE', now(), now(), 0),
    ('cccccccc-cccc-cccc-cccc-cccccccccccc', '11111111-1111-1111-1111-111111111111', '99999999-9999-9999-9999-999999999999', 'David Kim', 'david@example.com', 'ADMIN', now(), now(), 0);

INSERT INTO capability_assets (
    id, organization_id, department_id, title, summary, use_case, business_process,
    ai_tool, tag_names, owner_user_id, backup_owner_user_id, status, visibility,
    risk_level, current_version_id, created_by_user_id, created_at, updated_at, version
) VALUES
    (
        'aaaaaaaa-1111-4111-8111-aaaaaaaaaaaa',
        '11111111-1111-1111-1111-111111111111',
        '33333333-3333-3333-3333-333333333333',
        'Customer Feedback Analysis Workflow',
        'Analyzes customer feedback across support tickets, app reviews, and surveys to extract themes and recommended actions.',
        'Customer feedback analysis',
        'Customer success operations',
        'OpenAI GPT-4o',
        'feedback, analytics, customer-success',
        'aaaaaaaa-aaaa-aaaa-aaaa-aaaaaaaaaaaa',
        NULL,
        'IN_REVIEW',
        'TEAM',
        'MEDIUM',
        'aaaaaaaa-2222-4222-8222-aaaaaaaaaaaa',
        'aaaaaaaa-aaaa-aaaa-aaaa-aaaaaaaaaaaa',
        now() - interval '2 days',
        now() - interval '2 hours',
        0
    ),
    (
        'bbbbbbbb-1111-4111-8111-bbbbbbbbbbbb',
        '11111111-1111-1111-1111-111111111111',
        '22222222-2222-2222-2222-222222222222',
        'Proposal Generator',
        'Creates a first-draft B2B proposal with scope, pricing assumptions, implementation milestones, and risk notes.',
        'Sales proposal drafting',
        'Opportunity management',
        'Claude',
        'sales, proposal, automation',
        'bbbbbbbb-bbbb-bbbb-bbbb-bbbbbbbbbbbb',
        '55555555-5555-5555-5555-555555555555',
        'DRAFT',
        'TEAM',
        'MEDIUM',
        'bbbbbbbb-2222-4222-8222-bbbbbbbbbbbb',
        'bbbbbbbb-bbbb-bbbb-bbbb-bbbbbbbbbbbb',
        now() - interval '1 day',
        now() - interval '6 hours',
        0
    ),
    (
        'cccccccc-1111-4111-8111-cccccccccccc',
        '11111111-1111-1111-1111-111111111111',
        '99999999-9999-9999-9999-999999999999',
        'Weekly Meeting Summarizer',
        'Turns meeting transcripts into decisions, owners, action items, and follow-up reminders.',
        'Meeting operations',
        'Operations cadence',
        'ChatGPT',
        'meetings, operations, summary',
        'cccccccc-cccc-cccc-cccc-cccccccccccc',
        '55555555-5555-5555-5555-555555555555',
        'APPROVED',
        'ORGANIZATION',
        'LOW',
        'cccccccc-2222-4222-8222-cccccccccccc',
        'cccccccc-cccc-cccc-cccc-cccccccccccc',
        now() - interval '5 days',
        now() - interval '1 day',
        0
    ),
    (
        'dddddddd-1111-4111-8111-dddddddddddd',
        '11111111-1111-1111-1111-111111111111',
        '22222222-2222-2222-2222-222222222222',
        'Competitive Battlecard',
        'Synthesizes competitor notes into objection handling, differentiators, and talk tracks for sales calls.',
        'Competitive enablement',
        'Sales enablement',
        'Claude',
        'sales, battlecard, enablement',
        '44444444-4444-4444-4444-444444444444',
        'aaaaaaaa-aaaa-aaaa-aaaa-aaaaaaaaaaaa',
        'IN_REVIEW',
        'TEAM',
        'HIGH',
        'dddddddd-2222-4222-8222-dddddddddddd',
        '44444444-4444-4444-4444-444444444444',
        now() - interval '3 days',
        now() - interval '3 hours',
        0
    ),
    (
        'eeeeeeee-1111-4111-8111-eeeeeeeeeeee',
        '11111111-1111-1111-1111-111111111111',
        '33333333-3333-3333-3333-333333333333',
        'Support Knowledge Article Generator',
        'Turns resolved support cases into draft knowledge-base articles with troubleshooting steps and reuse tags.',
        'Customer support knowledge creation',
        'Customer service operations',
        'ChatGPT',
        'support, knowledge-base, case-summary',
        'aaaaaaaa-aaaa-aaaa-aaaa-aaaaaaaaaaaa',
        '55555555-5555-5555-5555-555555555555',
        'APPROVED',
        'ORGANIZATION',
        'MEDIUM',
        'eeeeeeee-2222-4222-8222-eeeeeeeeeeee',
        'aaaaaaaa-aaaa-aaaa-aaaa-aaaaaaaaaaaa',
        now() - interval '4 days',
        now() - interval '12 hours',
        0
    ),
    (
        'ffffffff-1111-4111-8111-ffffffffffff',
        '11111111-1111-1111-1111-111111111111',
        '99999999-9999-9999-9999-999999999999',
        'Employee Onboarding Pack Builder',
        'Builds a role-specific onboarding plan from team processes, starter assets, owners, and first-week tasks.',
        'Employee onboarding',
        'Employee service management',
        'Claude',
        'onboarding, knowledge-transfer, employee-service',
        'cccccccc-cccc-cccc-cccc-cccccccccccc',
        '55555555-5555-5555-5555-555555555555',
        'APPROVED',
        'ORGANIZATION',
        'LOW',
        'ffffffff-2222-4222-8222-ffffffffffff',
        'cccccccc-cccc-cccc-cccc-cccccccccccc',
        now() - interval '7 days',
        now() - interval '10 hours',
        0
    ),
    (
        '12345678-1111-4111-8111-123456789abc',
        '11111111-1111-1111-1111-111111111111',
        '22222222-2222-2222-2222-222222222222',
        'Account Insight Brief',
        'Summarizes account notes, CRM history, open risks, and next best actions before a customer meeting.',
        'Account planning',
        'Sales and customer success',
        'OpenAI GPT-4o',
        'account-insights, sales, customer-success',
        '44444444-4444-4444-4444-444444444444',
        NULL,
        'IN_REVIEW',
        'TEAM',
        'MEDIUM',
        '12345678-2222-4222-8222-123456789abc',
        '44444444-4444-4444-4444-444444444444',
        now() - interval '2 days',
        now() - interval '30 minutes',
        0
    );

INSERT INTO asset_versions (
    id, asset_id, version_number, prompt_template, workflow_steps_json, input_schema_json,
    output_schema_json, example_input, example_output, change_note, created_by_user_id,
    created_at, updated_at, version
) VALUES
    (
        'aaaaaaaa-2222-4222-8222-aaaaaaaaaaaa',
        'aaaaaaaa-1111-4111-8111-aaaaaaaaaaaa',
        1,
        'Classify {{feedback_items}} by sentiment, urgency, theme, and recommended next action. Quote evidence where useful.',
        '[{"name":"Collect feedback"},{"name":"Normalize source text"},{"name":"Analyze sentiment"},{"name":"Extract themes"},{"name":"Recommend actions"}]',
        '{"feedback_items":"array","source":"string","time_range":"string","product_area":"string"}',
        '{"sentiment":"string","themes":"array","quotes":"array","recommended_actions":"array"}',
        'Support tickets and app reviews from the last 30 days.',
        'Top themes: onboarding friction, pricing clarity, and reporting gaps.',
        'Initial review candidate',
        'aaaaaaaa-aaaa-aaaa-aaaa-aaaaaaaaaaaa',
        now() - interval '2 days',
        now() - interval '2 hours',
        0
    ),
    (
        'bbbbbbbb-2222-4222-8222-bbbbbbbbbbbb',
        'bbbbbbbb-1111-4111-8111-bbbbbbbbbbbb',
        1,
        'Use {{account_context}}, {{requirements}}, and {{pricing_notes}} to draft a concise proposal.',
        '[{"name":"Gather account context"},{"name":"Draft scope"},{"name":"Add pricing assumptions"},{"name":"Review risks"},{"name":"Prepare handoff"}]',
        '{"account_context":"string","requirements":"string","pricing_notes":"string"}',
        '{"proposal":"markdown","risks":"array","next_steps":"array"}',
        'Mid-market account requesting analytics onboarding and SSO.',
        'Proposal draft with scope, timeline, pricing notes, and risks.',
        'Initial draft',
        'bbbbbbbb-bbbb-bbbb-bbbb-bbbbbbbbbbbb',
        now() - interval '1 day',
        now() - interval '6 hours',
        0
    ),
    (
        'cccccccc-2222-4222-8222-cccccccccccc',
        'cccccccc-1111-4111-8111-cccccccccccc',
        1,
        'Summarize {{transcript}} into decisions, action items, owners, dates, and follow-up messages.',
        '[{"name":"Import transcript"},{"name":"Detect decisions"},{"name":"Assign owners"},{"name":"Draft follow-up"},{"name":"Publish summary"}]',
        '{"transcript":"string","attendees":"array","meeting_date":"string"}',
        '{"decisions":"array","actions":"array","follow_up":"string"}',
        'Weekly GTM sync transcript.',
        'Decision log, action list, and follow-up message.',
        'Approved starter version',
        'cccccccc-cccc-cccc-cccc-cccccccccccc',
        now() - interval '5 days',
        now() - interval '1 day',
        0
    ),
    (
        'dddddddd-2222-4222-8222-dddddddddddd',
        'dddddddd-1111-4111-8111-dddddddddddd',
        1,
        'Turn {{competitor_notes}} and {{deal_context}} into differentiators, objection responses, and risk notes.',
        '[{"name":"Collect competitor notes"},{"name":"Map objections"},{"name":"Generate talk tracks"},{"name":"Add proof points"},{"name":"Reviewer approval"}]',
        '{"competitor_notes":"string","deal_context":"string","industry":"string"}',
        '{"differentiators":"array","objections":"array","talk_tracks":"array"}',
        'Enterprise deal comparing OrgMemory against a shared docs process.',
        'Battlecard with objections, talk tracks, and proof points.',
        'Needs compliance review',
        '44444444-4444-4444-4444-444444444444',
        now() - interval '3 days',
        now() - interval '3 hours',
        0
    ),
    (
        'eeeeeeee-2222-4222-8222-eeeeeeeeeeee',
        'eeeeeeee-1111-4111-8111-eeeeeeeeeeee',
        1,
        'Turn {{resolved_case}} and {{agent_notes}} into a reusable knowledge article with symptoms, resolution, related links, and tags.',
        '[{"name":"Import resolved case"},{"name":"Extract root cause"},{"name":"Draft article"},{"name":"Review accuracy"},{"name":"Publish to knowledge base"}]',
        '{"resolved_case":"string","agent_notes":"string","product_area":"string"}',
        '{"title":"string","symptoms":"array","resolution":"array","tags":"array"}',
        'Billing integration case resolved after token rotation.',
        'Knowledge article draft with symptoms, cause, and resolution steps.',
        'Approved knowledge workflow',
        'aaaaaaaa-aaaa-aaaa-aaaa-aaaaaaaaaaaa',
        now() - interval '4 days',
        now() - interval '12 hours',
        0
    ),
    (
        'ffffffff-2222-4222-8222-ffffffffffff',
        'ffffffff-1111-4111-8111-ffffffffffff',
        1,
        'Build an onboarding plan for {{role}} using {{starter_assets}}, {{manager_notes}}, and {{first_week_goals}}.',
        '[{"name":"Select role"},{"name":"Match starter assets"},{"name":"Assign people to learn from"},{"name":"Generate first-week plan"},{"name":"Track completion"}]',
        '{"role":"string","starter_assets":"array","manager_notes":"string","first_week_goals":"array"}',
        '{"onboarding_plan":"markdown","starter_assets":"array","people_to_learn_from":"array"}',
        'New Sales Executive joining customer-success-heavy segment.',
        'Two-week plan with assets, owners, and review tasks.',
        'Approved onboarding workflow',
        'cccccccc-cccc-cccc-cccc-cccccccccccc',
        now() - interval '7 days',
        now() - interval '10 hours',
        0
    ),
    (
        '12345678-2222-4222-8222-123456789abc',
        '12345678-1111-4111-8111-123456789abc',
        1,
        'Create an account brief from {{crm_notes}}, {{open_cases}}, {{usage_summary}}, and {{meeting_goal}}.',
        '[{"name":"Gather CRM context"},{"name":"Summarize account health"},{"name":"Identify risks"},{"name":"Recommend next actions"},{"name":"Prepare meeting brief"}]',
        '{"crm_notes":"string","open_cases":"array","usage_summary":"string","meeting_goal":"string"}',
        '{"brief":"markdown","risks":"array","next_actions":"array"}',
        'Renewal account with two open support cases and high product usage.',
        'Executive-ready account brief with risks and next actions.',
        'Needs backup owner before approval',
        '44444444-4444-4444-4444-444444444444',
        now() - interval '2 days',
        now() - interval '30 minutes',
        0
    );

INSERT INTO asset_usage_events (id, asset_id, user_id, event_type, metadata_json, created_at, updated_at, version)
VALUES
    ('10000000-0000-4000-8000-000000000001', '66666666-6666-6666-6666-666666666666', '44444444-4444-4444-4444-444444444444', 'USED', '{"source":"seed"}', now() - interval '6 days', now() - interval '6 days', 0),
    ('10000000-0000-4000-8000-000000000002', '66666666-6666-6666-6666-666666666666', '55555555-5555-5555-5555-555555555555', 'USED', '{"source":"seed"}', now() - interval '3 days', now() - interval '3 days', 0),
    ('10000000-0000-4000-8000-000000000003', 'cccccccc-1111-4111-8111-cccccccccccc', 'cccccccc-cccc-cccc-cccc-cccccccccccc', 'USED', '{"source":"seed"}', now() - interval '2 days', now() - interval '2 days', 0),
    ('10000000-0000-4000-8000-000000000004', 'aaaaaaaa-1111-4111-8111-aaaaaaaaaaaa', 'aaaaaaaa-aaaa-aaaa-aaaa-aaaaaaaaaaaa', 'VIEWED', '{"source":"seed"}', now() - interval '1 day', now() - interval '1 day', 0),
    ('10000000-0000-4000-8000-000000000005', 'eeeeeeee-1111-4111-8111-eeeeeeeeeeee', 'aaaaaaaa-aaaa-aaaa-aaaa-aaaaaaaaaaaa', 'USED', '{"source":"seed"}', now() - interval '20 hours', now() - interval '20 hours', 0),
    ('10000000-0000-4000-8000-000000000006', 'ffffffff-1111-4111-8111-ffffffffffff', 'cccccccc-cccc-cccc-cccc-cccccccccccc', 'USED', '{"source":"seed"}', now() - interval '18 hours', now() - interval '18 hours', 0),
    ('10000000-0000-4000-8000-000000000007', '12345678-1111-4111-8111-123456789abc', '44444444-4444-4444-4444-444444444444', 'VIEWED', '{"source":"seed"}', now() - interval '2 hours', now() - interval '2 hours', 0);
