INSERT INTO capability_assets (
    id, organization_id, department_id, title, summary, asset_type, use_case, business_process,
    ai_tool, tag_names, owner_user_id, backup_owner_user_id, status, visibility,
    risk_level, current_version_id, created_by_user_id, created_at, updated_at, version
) VALUES
    (
        '40000000-0000-4000-8000-000000000001',
        '11111111-1111-1111-1111-111111111111',
        '88888888-8888-8888-8888-888888888888',
        'Launch Deck and Demo Video Generator',
        'Creates a launch slide deck outline, demo video script, speaker notes, visual direction, and claims review checklist from a product brief.',
        'CONTENT_GENERATOR',
        'Launch content production',
        'Product marketing',
        'Canva',
        'slides, video, launch, product-marketing',
        'bbbbbbbb-bbbb-bbbb-bbbb-bbbbbbbbbbbb',
        '12000000-0000-4000-8000-000000000002',
        'APPROVED',
        'ORGANIZATION',
        'MEDIUM',
        '41000000-0000-4000-8000-000000000001',
        'bbbbbbbb-bbbb-bbbb-bbbb-bbbbbbbbbbbb',
        now() - interval '18 days',
        now() - interval '2 hours',
        0
    ),
    (
        '40000000-0000-4000-8000-000000000002',
        '11111111-1111-1111-1111-111111111111',
        '99999999-9999-9999-9999-999999999999',
        'Repository Change Agent Recipe',
        'Guides Claude Code or Codex through scoped repo changes with file inspection, patching, verification, and handoff summary.',
        'AI_AGENT',
        'AI-assisted software delivery',
        'Engineering delivery',
        'Claude Code',
        'code-agent, claude-code, codex, engineering',
        'cccccccc-cccc-cccc-cccc-cccccccccccc',
        '12000000-0000-4000-8000-000000000003',
        'APPROVED',
        'TEAM',
        'HIGH',
        '41000000-0000-4000-8000-000000000002',
        'cccccccc-cccc-cccc-cccc-cccccccccccc',
        now() - interval '17 days',
        now() - interval '3 hours',
        0
    ),
    (
        '40000000-0000-4000-8000-000000000003',
        '11111111-1111-1111-1111-111111111111',
        '99999999-9999-9999-9999-999999999999',
        'Pull Request Review Copilot',
        'Reviews pull requests for regressions, missing tests, risky migrations, API contract drift, and release notes.',
        'COPILOT',
        'Engineering code review',
        'Engineering delivery',
        'GitHub Copilot',
        'copilot, pr-review, engineering, quality',
        '12000000-0000-4000-8000-000000000003',
        'cccccccc-cccc-cccc-cccc-cccccccccccc',
        'IN_REVIEW',
        'TEAM',
        'HIGH',
        '41000000-0000-4000-8000-000000000003',
        '12000000-0000-4000-8000-000000000003',
        now() - interval '10 days',
        now() - interval '1 hour',
        0
    ),
    (
        '40000000-0000-4000-8000-000000000004',
        '11111111-1111-1111-1111-111111111111',
        '10000000-0000-4000-8000-000000000010',
        'Research Brief from Web Sources',
        'Turns a research question into a sourced market brief with findings, confidence, contradictions, and next investigation steps.',
        'ANALYTICS_BRIEF',
        'Market and competitor research',
        'Product strategy',
        'Perplexity',
        'research, web-sources, competitor, product',
        '12000000-0000-4000-8000-000000000002',
        'bbbbbbbb-bbbb-bbbb-bbbb-bbbbbbbbbbbb',
        'APPROVED',
        'ORGANIZATION',
        'MEDIUM',
        '41000000-0000-4000-8000-000000000004',
        '12000000-0000-4000-8000-000000000002',
        now() - interval '16 days',
        now() - interval '5 hours',
        0
    ),
    (
        '40000000-0000-4000-8000-000000000005',
        '11111111-1111-1111-1111-111111111111',
        '10000000-0000-4000-8000-000000000011',
        'Incident Postmortem Generator',
        'Creates a blameless postmortem from incident timeline, customer impact, logs, root causes, corrective actions, and owners.',
        'PLAYBOOK',
        'Incident postmortem',
        'IT service management',
        'ChatGPT',
        'incident, postmortem, runbook, reliability',
        '12000000-0000-4000-8000-000000000003',
        'cccccccc-cccc-cccc-cccc-cccccccccccc',
        'APPROVED',
        'ORGANIZATION',
        'HIGH',
        '41000000-0000-4000-8000-000000000005',
        '12000000-0000-4000-8000-000000000003',
        now() - interval '22 days',
        now() - interval '4 hours',
        0
    ),
    (
        '40000000-0000-4000-8000-000000000006',
        '11111111-1111-1111-1111-111111111111',
        '33333333-3333-3333-3333-333333333333',
        'Support Ticket Reply Copilot',
        'Drafts support replies from ticket context, product area, customer tier, similar resolutions, and escalation policy.',
        'COPILOT',
        'Customer support response',
        'Customer service operations',
        'Dify',
        'support, copilot, customer-service, ticket',
        'aaaaaaaa-aaaa-aaaa-aaaa-aaaaaaaaaaaa',
        '12000000-0000-4000-8000-000000000001',
        'APPROVED',
        'TEAM',
        'MEDIUM',
        '41000000-0000-4000-8000-000000000006',
        'aaaaaaaa-aaaa-aaaa-aaaa-aaaaaaaaaaaa',
        now() - interval '15 days',
        now() - interval '6 hours',
        0
    ),
    (
        '40000000-0000-4000-8000-000000000007',
        '11111111-1111-1111-1111-111111111111',
        '33333333-3333-3333-3333-333333333333',
        'Customer Health Handoff Pack',
        'Builds a customer handoff packet with owned accounts, risk notes, renewal dates, open issues, and recommended next actions.',
        'HANDOVER_PACK',
        'Customer success handover',
        'Customer success operations',
        'NotebookLM',
        'handover, customer-health, offboarding, renewal',
        'aaaaaaaa-aaaa-aaaa-aaaa-aaaaaaaaaaaa',
        NULL,
        'IN_REVIEW',
        'TEAM',
        'HIGH',
        '41000000-0000-4000-8000-000000000007',
        'aaaaaaaa-aaaa-aaaa-aaaa-aaaaaaaaaaaa',
        now() - interval '5 days',
        now() - interval '45 minutes',
        0
    ),
    (
        '40000000-0000-4000-8000-000000000008',
        '11111111-1111-1111-1111-111111111111',
        '22222222-2222-2222-2222-222222222222',
        'Enterprise Proposal Builder',
        'Creates a first-pass enterprise proposal with scope, implementation plan, assumptions, pricing narrative, and risk notes.',
        'CONTENT_GENERATOR',
        'Sales proposal generation',
        'Sales operations',
        'Gamma',
        'proposal, sales, slides, enterprise',
        '12000000-0000-4000-8000-000000000001',
        '55555555-5555-5555-5555-555555555555',
        'APPROVED',
        'ORGANIZATION',
        'MEDIUM',
        '41000000-0000-4000-8000-000000000008',
        '12000000-0000-4000-8000-000000000001',
        now() - interval '21 days',
        now() - interval '8 hours',
        0
    ),
    (
        '40000000-0000-4000-8000-000000000009',
        '11111111-1111-1111-1111-111111111111',
        '22222222-2222-2222-2222-222222222222',
        'Inbound Lead Enrichment Automation',
        'Pulls new demo requests from CRM, enriches company data, summarizes intent, routes qualified leads, and creates follow-up tasks.',
        'WORKFLOW_AUTOMATION',
        'Inbound lead routing',
        'Revenue operations',
        'n8n',
        'workflow, n8n, lead-enrichment, revops',
        '12000000-0000-4000-8000-000000000001',
        '12000000-0000-4000-8000-000000000004',
        'APPROVED',
        'ORGANIZATION',
        'MEDIUM',
        '41000000-0000-4000-8000-000000000009',
        '12000000-0000-4000-8000-000000000001',
        now() - interval '12 days',
        now() - interval '2 hours',
        0
    ),
    (
        '40000000-0000-4000-8000-000000000010',
        '11111111-1111-1111-1111-111111111111',
        '10000000-0000-4000-8000-000000000012',
        'Invoice and Contract Extractor',
        'Extracts invoice exceptions, contract renewal dates, payment terms, obligations, confidence scores, and finance follow-up.',
        'DATA_EXTRACTION',
        'Finance document extraction',
        'Accounts payable operations',
        'OpenAI GPT-4o',
        'data-extraction, invoices, contracts, finance',
        '12000000-0000-4000-8000-000000000004',
        'cccccccc-cccc-cccc-cccc-cccccccccccc',
        'APPROVED',
        'TEAM',
        'HIGH',
        '41000000-0000-4000-8000-000000000010',
        '12000000-0000-4000-8000-000000000004',
        now() - interval '14 days',
        now() - interval '7 hours',
        0
    ),
    (
        '40000000-0000-4000-8000-000000000011',
        '11111111-1111-1111-1111-111111111111',
        '10000000-0000-4000-8000-000000000014',
        'External Sharing Safety Guardrail',
        'Checks AI-generated customer-facing content for PII, sensitive attributes, unsupported claims, redaction gaps, and escalation needs.',
        'GOVERNANCE_GUARDRAIL',
        'External output safety review',
        'AI governance',
        'OpenAI GPT-4o',
        'guardrail, pii, compliance, external-sharing',
        '12000000-0000-4000-8000-000000000006',
        '12000000-0000-4000-8000-000000000003',
        'APPROVED',
        'ORGANIZATION',
        'HIGH',
        '41000000-0000-4000-8000-000000000011',
        '12000000-0000-4000-8000-000000000006',
        now() - interval '20 days',
        now() - interval '9 hours',
        0
    ),
    (
        '40000000-0000-4000-8000-000000000012',
        '11111111-1111-1111-1111-111111111111',
        '10000000-0000-4000-8000-000000000014',
        'AI Output Quality Scorecard',
        'Scores AI outputs for instruction following, factual grounding, completeness, tone, citations, and handoff readiness.',
        'EVALUATION_CHECKLIST',
        'AI output quality review',
        'AI governance',
        'Claude',
        'evaluation, scorecard, quality, governance',
        '12000000-0000-4000-8000-000000000006',
        'cccccccc-cccc-cccc-cccc-cccccccccccc',
        'APPROVED',
        'ORGANIZATION',
        'LOW',
        '41000000-0000-4000-8000-000000000012',
        '12000000-0000-4000-8000-000000000006',
        now() - interval '23 days',
        now() - interval '1 day',
        0
    ),
    (
        '40000000-0000-4000-8000-000000000013',
        '11111111-1111-1111-1111-111111111111',
        '10000000-0000-4000-8000-000000000013',
        'New Hire AI Workspace Starter Pack',
        'Creates a role-specific onboarding plan with starter assets, owners to meet, first-week tasks, and safe AI usage guidance.',
        'HANDOVER_PACK',
        'Employee onboarding',
        'People operations',
        'Claude',
        'onboarding, starter-pack, ai-workspace, people',
        '12000000-0000-4000-8000-000000000005',
        '12000000-0000-4000-8000-000000000006',
        'APPROVED',
        'ORGANIZATION',
        'LOW',
        '41000000-0000-4000-8000-000000000013',
        '12000000-0000-4000-8000-000000000005',
        now() - interval '19 days',
        now() - interval '10 hours',
        0
    ),
    (
        '40000000-0000-4000-8000-000000000014',
        '11111111-1111-1111-1111-111111111111',
        '88888888-8888-8888-8888-888888888888',
        'Brand Image Prompt Kit',
        'Standardizes product image generation prompts with brand rules, composition guidance, forbidden styles, and review checklist.',
        'PROMPT_TEMPLATE',
        'Brand image generation',
        'Brand creative operations',
        'Midjourney',
        'image-generation, brand, prompt-kit, creative',
        'bbbbbbbb-bbbb-bbbb-bbbb-bbbbbbbbbbbb',
        '12000000-0000-4000-8000-000000000002',
        'DRAFT',
        'TEAM',
        'MEDIUM',
        '41000000-0000-4000-8000-000000000014',
        'bbbbbbbb-bbbb-bbbb-bbbb-bbbbbbbbbbbb',
        now() - interval '4 days',
        now() - interval '3 hours',
        0
    ),
    (
        '40000000-0000-4000-8000-000000000015',
        '11111111-1111-1111-1111-111111111111',
        '88888888-8888-8888-8888-888888888888',
        'Podcast Clip and Short Video Workflow',
        'Turns a webinar or podcast transcript into short video hooks, clip plan, captions, thumbnails, and distribution copy.',
        'WORKFLOW_AUTOMATION',
        'Short-form video repurposing',
        'Content operations',
        'Descript',
        'video, podcast, repurposing, content',
        'bbbbbbbb-bbbb-bbbb-bbbb-bbbbbbbbbbbb',
        '12000000-0000-4000-8000-000000000001',
        'IN_REVIEW',
        'TEAM',
        'MEDIUM',
        '41000000-0000-4000-8000-000000000015',
        'bbbbbbbb-bbbb-bbbb-bbbb-bbbbbbbbbbbb',
        now() - interval '7 days',
        now() - interval '50 minutes',
        0
    ),
    (
        '40000000-0000-4000-8000-000000000016',
        '11111111-1111-1111-1111-111111111111',
        '10000000-0000-4000-8000-000000000010',
        'User Interview Synthesis Notebook',
        'Synthesizes interview transcripts into themes, evidence quotes, opportunity areas, and product hypotheses.',
        'KNOWLEDGE_BOT',
        'Product research synthesis',
        'Product discovery',
        'NotebookLM',
        'research, interview, synthesis, product',
        '12000000-0000-4000-8000-000000000002',
        'bbbbbbbb-bbbb-bbbb-bbbb-bbbbbbbbbbbb',
        'APPROVED',
        'TEAM',
        'MEDIUM',
        '41000000-0000-4000-8000-000000000016',
        '12000000-0000-4000-8000-000000000002',
        now() - interval '11 days',
        now() - interval '2 hours',
        0
    )
ON CONFLICT (id) DO NOTHING;

INSERT INTO asset_versions (
    id, asset_id, version_number, prompt_template, workflow_steps_json, input_schema_json,
    output_schema_json, example_input, example_output, change_note, created_by_user_id,
    created_at, updated_at, version
) VALUES
    (
        '41000000-0000-4000-8000-000000000001',
        '40000000-0000-4000-8000-000000000001',
        1,
        'Create launch assets from {{launch_brief}} for {{audience}}: slide deck outline, demo video script, speaker notes, visual direction, and claims to review.',
        '[{"name":"Capture launch brief"},{"name":"Draft narrative arc"},{"name":"Create slide outline"},{"name":"Write demo video script"},{"name":"Flag claims for review"}]',
        '{"launch_brief":"string","audience":"string","brand_constraints":"string","demo_flow":"string"}',
        '{"slides":"array","video_script":"string","speaker_notes":"array","visual_direction":"string","claims_to_review":"array"}',
        'AI governance launch brief for enterprise operations leaders.',
        '10-slide outline, 90-second video script, speaker notes, visual direction, and review checklist.',
        'Approved deck and video content generator',
        'bbbbbbbb-bbbb-bbbb-bbbb-bbbbbbbbbbbb',
        now() - interval '18 days',
        now() - interval '2 hours',
        0
    ),
    (
        '41000000-0000-4000-8000-000000000002',
        '40000000-0000-4000-8000-000000000002',
        1,
        'Act as a repository change agent. Use {{issue_context}}, inspect relevant files, make scoped edits, run {{verification_commands}}, and summarize risks.',
        '[{"name":"Read issue and repo context"},{"name":"Inspect relevant files"},{"name":"Apply scoped patch"},{"name":"Run verification"},{"name":"Write handoff summary"}]',
        '{"issue_context":"string","repo_path":"string","verification_commands":"array","constraints":"string"}',
        '{"changed_files":"array","summary":"string","tests":"array","risks":"array"}',
        'Bug report for React table filter with pnpm typecheck command.',
        'Patch, passing checks, changed-files summary, and residual risks.',
        'Approved code agent recipe',
        'cccccccc-cccc-cccc-cccc-cccccccccccc',
        now() - interval '17 days',
        now() - interval '3 hours',
        0
    ),
    (
        '41000000-0000-4000-8000-000000000003',
        '40000000-0000-4000-8000-000000000003',
        1,
        'Review {{diff}} with {{test_results}}. Prioritize bugs, risky migrations, missing tests, API drift, and release-note gaps.',
        '[{"name":"Read diff"},{"name":"Check tests"},{"name":"Find behavioral regressions"},{"name":"Flag missing coverage"},{"name":"Draft review findings"}]',
        '{"diff":"string","test_results":"string","release_context":"string"}',
        '{"findings":"array","severity":"string","questions":"array","summary":"string"}',
        'Pull request changing billing permissions and database migration.',
        'Ordered review findings with file references and missing test risks.',
        'Review candidate',
        '12000000-0000-4000-8000-000000000003',
        now() - interval '10 days',
        now() - interval '1 hour',
        0
    ),
    (
        '41000000-0000-4000-8000-000000000004',
        '40000000-0000-4000-8000-000000000004',
        1,
        'Research {{question}} from trusted web sources. Return findings, citations, contradictions, confidence, and next questions.',
        '[{"name":"Clarify research question"},{"name":"Search trusted sources"},{"name":"Extract findings"},{"name":"Compare contradictions"},{"name":"Write sourced brief"}]',
        '{"question":"string","source_policy":"string","deadline":"string"}',
        '{"brief":"markdown","citations":"array","confidence":"string","open_questions":"array"}',
        'Research current AI governance tools for mid-market SaaS.',
        'Sourced competitor brief with confidence and follow-up questions.',
        'Approved research brief workflow',
        '12000000-0000-4000-8000-000000000002',
        now() - interval '16 days',
        now() - interval '5 hours',
        0
    ),
    (
        '41000000-0000-4000-8000-000000000005',
        '40000000-0000-4000-8000-000000000005',
        1,
        'Create a blameless postmortem from {{timeline}}, {{impact}}, {{logs}}, {{root_causes}}, and {{corrective_actions}}.',
        '[{"name":"Collect timeline"},{"name":"Summarize impact"},{"name":"Analyze root causes"},{"name":"Assign corrective actions"},{"name":"Publish postmortem"}]',
        '{"timeline":"array","impact":"string","logs":"string","root_causes":"array","corrective_actions":"array"}',
        '{"postmortem":"markdown","actions":"array","owners":"array","follow_up_date":"string"}',
        'Reporting export outage affecting enterprise customers.',
        'Blameless postmortem with action owners and follow-up date.',
        'Approved incident runbook',
        '12000000-0000-4000-8000-000000000003',
        now() - interval '22 days',
        now() - interval '4 hours',
        0
    ),
    (
        '41000000-0000-4000-8000-000000000006',
        '40000000-0000-4000-8000-000000000006',
        1,
        'Draft a support reply using {{ticket_context}}, {{customer_tier}}, {{product_area}}, {{similar_resolutions}}, and {{escalation_policy}}.',
        '[{"name":"Read ticket context"},{"name":"Retrieve similar cases"},{"name":"Draft reply"},{"name":"Check policy"},{"name":"Agent approves response"}]',
        '{"ticket_context":"string","customer_tier":"string","product_area":"string","similar_resolutions":"array","escalation_policy":"string"}',
        '{"reply":"string","confidence":"string","related_articles":"array","escalation":"string"}',
        'Priority customer asks about delayed analytics export.',
        'Support reply with confidence, related articles, and escalation note.',
        'Approved support copilot',
        'aaaaaaaa-aaaa-aaaa-aaaa-aaaaaaaaaaaa',
        now() - interval '15 days',
        now() - interval '6 hours',
        0
    ),
    (
        '41000000-0000-4000-8000-000000000007',
        '40000000-0000-4000-8000-000000000007',
        1,
        'Build a customer handoff pack from {{owned_accounts}}, {{risk_notes}}, {{renewal_dates}}, {{open_issues}}, and {{successor_context}}.',
        '[{"name":"List owned accounts"},{"name":"Summarize risk notes"},{"name":"Map renewal dates"},{"name":"Assign next actions"},{"name":"Generate handoff pack"}]',
        '{"owned_accounts":"array","risk_notes":"string","renewal_dates":"array","open_issues":"array","successor_context":"string"}',
        '{"handoff_pack":"markdown","at_risk_accounts":"array","actions":"array"}',
        'Departing CSM owns eight enterprise accounts.',
        'Customer handoff pack with risks, dates, and next actions.',
        'Handover candidate',
        'aaaaaaaa-aaaa-aaaa-aaaa-aaaaaaaaaaaa',
        now() - interval '5 days',
        now() - interval '45 minutes',
        0
    ),
    (
        '41000000-0000-4000-8000-000000000008',
        '40000000-0000-4000-8000-000000000008',
        1,
        'Create an enterprise proposal deck from {{discovery_notes}}, {{scope}}, {{implementation_plan}}, {{pricing_assumptions}}, and {{risks}}.',
        '[{"name":"Import discovery notes"},{"name":"Draft proposal narrative"},{"name":"Build slide outline"},{"name":"Flag assumptions"},{"name":"Prepare AE review"}]',
        '{"discovery_notes":"string","scope":"string","implementation_plan":"string","pricing_assumptions":"string","risks":"string"}',
        '{"slides":"array","executive_summary":"string","assumptions":"array","risks":"array"}',
        'Enterprise prospect needs migration plan and governance controls.',
        'Proposal deck outline with implementation plan and assumptions.',
        'Approved proposal generator',
        '12000000-0000-4000-8000-000000000001',
        now() - interval '21 days',
        now() - interval '8 hours',
        0
    ),
    (
        '41000000-0000-4000-8000-000000000009',
        '40000000-0000-4000-8000-000000000009',
        1,
        'Summarize {{lead_context}} and classify buying intent, segment, urgency, and recommended next action for revenue routing.',
        '[{"name":"Trigger from CRM form"},{"name":"Enrich company profile"},{"name":"Classify buying intent"},{"name":"Route to Slack"},{"name":"Create CRM task"}]',
        '{"lead_context":"object","company_domain":"string","source_form":"string","routing_rules":"array"}',
        '{"intent":"string","segment":"string","urgency":"string","recommended_action":"string","crm_task":"object"}',
        'Demo request from 400-person SaaS company mentioning SOC2 and migration.',
        'High-intent enterprise lead routed to AE with enriched summary.',
        'Approved automation workflow',
        '12000000-0000-4000-8000-000000000001',
        now() - interval '12 days',
        now() - interval '2 hours',
        0
    ),
    (
        '41000000-0000-4000-8000-000000000010',
        '40000000-0000-4000-8000-000000000010',
        1,
        'Extract finance fields from {{document_text}} using {{target_schema}}. Flag ambiguity, duplicate charges, renewal dates, and confidence.',
        '[{"name":"Import document text"},{"name":"Extract target fields"},{"name":"Validate amounts and dates"},{"name":"Flag exceptions"},{"name":"Route finance follow-up"}]',
        '{"document_text":"string","target_schema":"object","vendor_history":"string"}',
        '{"fields":"object","confidence":"object","exceptions":"array","follow_up":"string"}',
        'Vendor invoice and contract renewal clause.',
        'Structured fields, confidence, exceptions, and follow-up note.',
        'Approved extraction schema',
        '12000000-0000-4000-8000-000000000004',
        now() - interval '14 days',
        now() - interval '7 hours',
        0
    ),
    (
        '41000000-0000-4000-8000-000000000011',
        '40000000-0000-4000-8000-000000000011',
        1,
        'Review {{prompt_or_output}} for {{sharing_context}}. Detect PII, unsupported claims, sensitive attributes, and redaction gaps.',
        '[{"name":"Inspect content"},{"name":"Detect sensitive data"},{"name":"Classify risk"},{"name":"Recommend redaction"},{"name":"Escalate high-risk cases"}]',
        '{"prompt_or_output":"string","sharing_context":"string","policy_rule":"string"}',
        '{"risk":"string","findings":"array","redacted_version":"string","escalation":"string"}',
        'Customer-facing case study draft containing account details.',
        'Risk findings, redacted version, and escalation path.',
        'Approved guardrail',
        '12000000-0000-4000-8000-000000000006',
        now() - interval '20 days',
        now() - interval '9 hours',
        0
    ),
    (
        '41000000-0000-4000-8000-000000000012',
        '40000000-0000-4000-8000-000000000012',
        1,
        'Score {{ai_output}} against {{rubric}}. Check instruction following, grounding, completeness, tone, citations, and handoff readiness.',
        '[{"name":"Read source request"},{"name":"Score rubric dimensions"},{"name":"Flag unsupported claims"},{"name":"Suggest revisions"},{"name":"Record quality score"}]',
        '{"ai_output":"string","source_request":"string","rubric":"array","business_context":"string"}',
        '{"score":"number","issues":"array","recommended_revisions":"array","decision":"string"}',
        'Generated executive summary for external account review.',
        'Quality score, revision notes, and decision recommendation.',
        'Approved quality rubric',
        '12000000-0000-4000-8000-000000000006',
        now() - interval '23 days',
        now() - interval '1 day',
        0
    ),
    (
        '41000000-0000-4000-8000-000000000013',
        '40000000-0000-4000-8000-000000000013',
        1,
        'Create onboarding plan from {{role}}, {{team_assets}}, {{owners_to_meet}}, {{first_week_goals}}, and {{safe_ai_guidance}}.',
        '[{"name":"Identify role needs"},{"name":"Match starter assets"},{"name":"Schedule owner intros"},{"name":"Build first-week plan"},{"name":"Track onboarding progress"}]',
        '{"role":"string","team_assets":"array","owners_to_meet":"array","first_week_goals":"string","safe_ai_guidance":"string"}',
        '{"onboarding_plan":"markdown","starter_assets":"array","meetings":"array","tasks":"array"}',
        'New sales engineer joining enterprise team.',
        'First-week plan, starter assets, owner intros, and safety guidance.',
        'Approved onboarding pack',
        '12000000-0000-4000-8000-000000000005',
        now() - interval '19 days',
        now() - interval '10 hours',
        0
    ),
    (
        '41000000-0000-4000-8000-000000000014',
        '40000000-0000-4000-8000-000000000014',
        1,
        'Generate brand-safe image prompts from {{campaign_brief}}, {{brand_rules}}, {{composition}}, and {{forbidden_styles}}.',
        '[{"name":"Capture campaign brief"},{"name":"Apply brand rules"},{"name":"Draft image prompts"},{"name":"Check forbidden styles"},{"name":"Prepare creative review"}]',
        '{"campaign_brief":"string","brand_rules":"string","composition":"string","forbidden_styles":"array"}',
        '{"image_prompts":"array","negative_prompts":"array","review_checklist":"array"}',
        'Product launch visuals for enterprise governance campaign.',
        'Brand-safe image prompts and creative review checklist.',
        'Draft brand prompt kit',
        'bbbbbbbb-bbbb-bbbb-bbbb-bbbbbbbbbbbb',
        now() - interval '4 days',
        now() - interval '3 hours',
        0
    ),
    (
        '41000000-0000-4000-8000-000000000015',
        '40000000-0000-4000-8000-000000000015',
        1,
        'Turn {{transcript}} into short video clips, hooks, captions, thumbnail ideas, and distribution copy for {{channels}}.',
        '[{"name":"Import transcript"},{"name":"Identify clip moments"},{"name":"Write hooks and captions"},{"name":"Plan thumbnails"},{"name":"Generate distribution copy"}]',
        '{"transcript":"string","channels":"array","brand_voice":"string","clip_constraints":"string"}',
        '{"clip_plan":"array","captions":"array","thumbnail_ideas":"array","distribution_copy":"array"}',
        'Webinar transcript about AI governance operating model.',
        'Five short-video clips with hooks, captions, thumbnail ideas, and posts.',
        'Video workflow candidate',
        'bbbbbbbb-bbbb-bbbb-bbbb-bbbbbbbbbbbb',
        now() - interval '7 days',
        now() - interval '50 minutes',
        0
    ),
    (
        '41000000-0000-4000-8000-000000000016',
        '40000000-0000-4000-8000-000000000016',
        1,
        'Synthesize {{interview_transcripts}} into themes, evidence quotes, opportunity areas, and product hypotheses. Keep source traceability.',
        '[{"name":"Load interview transcripts"},{"name":"Cluster themes"},{"name":"Extract evidence quotes"},{"name":"Draft opportunities"},{"name":"Write product hypotheses"}]',
        '{"interview_transcripts":"array","research_questions":"array","segment":"string"}',
        '{"themes":"array","quotes":"array","opportunities":"array","hypotheses":"array"}',
        'Five admin interviews about governance workflow friction.',
        'Research synthesis with source-backed themes and product hypotheses.',
        'Approved research notebook',
        '12000000-0000-4000-8000-000000000002',
        now() - interval '11 days',
        now() - interval '2 hours',
        0
    )
ON CONFLICT (id) DO NOTHING;

INSERT INTO asset_usage_events (id, asset_id, user_id, event_type, metadata_json, created_at, updated_at, version)
VALUES
    ('42000000-0000-4000-8000-000000000001', '40000000-0000-4000-8000-000000000001', 'bbbbbbbb-bbbb-bbbb-bbbb-bbbbbbbbbbbb', 'USED', '{"source":"seed","demo":"deck-video"}', now() - interval '2 days', now() - interval '2 days', 0),
    ('42000000-0000-4000-8000-000000000002', '40000000-0000-4000-8000-000000000002', 'cccccccc-cccc-cccc-cccc-cccccccccccc', 'USED', '{"source":"seed","demo":"code-agent"}', now() - interval '1 day', now() - interval '1 day', 0),
    ('42000000-0000-4000-8000-000000000003', '40000000-0000-4000-8000-000000000006', 'aaaaaaaa-aaaa-aaaa-aaaa-aaaaaaaaaaaa', 'USED', '{"source":"seed","demo":"support-copilot"}', now() - interval '7 hours', now() - interval '7 hours', 0),
    ('42000000-0000-4000-8000-000000000004', '40000000-0000-4000-8000-000000000008', '12000000-0000-4000-8000-000000000001', 'USED', '{"source":"seed","demo":"proposal"}', now() - interval '10 hours', now() - interval '10 hours', 0),
    ('42000000-0000-4000-8000-000000000005', '40000000-0000-4000-8000-000000000009', '12000000-0000-4000-8000-000000000001', 'USED', '{"source":"seed","demo":"automation"}', now() - interval '12 hours', now() - interval '12 hours', 0),
    ('42000000-0000-4000-8000-000000000006', '40000000-0000-4000-8000-000000000016', '12000000-0000-4000-8000-000000000002', 'USED', '{"source":"seed","demo":"research"}', now() - interval '5 hours', now() - interval '5 hours', 0)
ON CONFLICT (id) DO NOTHING;
