INSERT INTO capability_assets (
    id, organization_id, department_id, title, summary, asset_type, use_case, business_process,
    ai_tool, tag_names, owner_user_id, backup_owner_user_id, status, visibility,
    risk_level, current_version_id, created_by_user_id, created_at, updated_at, version
) VALUES
    (
        '40000000-0000-4000-8000-000000000101',
        '11111111-1111-1111-1111-111111111111',
        '88888888-8888-8888-8888-888888888888',
        'Product Image Generation Workflow',
        'Turns product briefs and brand rules into approved image-generation prompts, shot lists, negative prompts, review checklist, and publish-ready variants.',
        'WORKFLOW_AUTOMATION',
        'Product image generation',
        'Brand creative operations',
        'Midjourney',
        'workflow, image-generation, product-visuals, brand, midjourney',
        'bbbbbbbb-bbbb-bbbb-bbbb-bbbbbbbbbbbb',
        '12000000-0000-4000-8000-000000000002',
        'APPROVED',
        'TEAM',
        'MEDIUM',
        '41000000-0000-4000-8000-000000000101',
        'bbbbbbbb-bbbb-bbbb-bbbb-bbbbbbbbbbbb',
        now() - interval '13 days',
        now() - interval '20 minutes',
        0
    ),
    (
        '40000000-0000-4000-8000-000000000102',
        '11111111-1111-1111-1111-111111111111',
        '88888888-8888-8888-8888-888888888888',
        'Social Ad Creative Variant Generator',
        'Creates platform-specific image ad concepts, headline variants, visual directions, and experiment labels from a campaign brief.',
        'CONTENT_GENERATOR',
        'Paid social creative variants',
        'Growth marketing',
        'Canva',
        'ads, creative, image-generation, canva, experiments',
        'bbbbbbbb-bbbb-bbbb-bbbb-bbbbbbbbbbbb',
        '12000000-0000-4000-8000-000000000001',
        'APPROVED',
        'ORGANIZATION',
        'MEDIUM',
        '41000000-0000-4000-8000-000000000102',
        'bbbbbbbb-bbbb-bbbb-bbbb-bbbbbbbbbbbb',
        now() - interval '9 days',
        now() - interval '35 minutes',
        0
    ),
    (
        '40000000-0000-4000-8000-000000000103',
        '11111111-1111-1111-1111-111111111111',
        '88888888-8888-8888-8888-888888888888',
        'Product Photo Background Generator',
        'Generates clean product-background directions, prompt variants, lighting notes, and approval checks for ecommerce and launch images.',
        'CONTENT_GENERATOR',
        'Ecommerce product photo generation',
        'Brand creative operations',
        'OpenAI Images',
        'product-photo, image-generation, ecommerce, background',
        'bbbbbbbb-bbbb-bbbb-bbbb-bbbbbbbbbbbb',
        '12000000-0000-4000-8000-000000000002',
        'APPROVED',
        'TEAM',
        'LOW',
        '41000000-0000-4000-8000-000000000103',
        'bbbbbbbb-bbbb-bbbb-bbbb-bbbbbbbbbbbb',
        now() - interval '8 days',
        now() - interval '1 hour',
        0
    ),
    (
        '40000000-0000-4000-8000-000000000104',
        '11111111-1111-1111-1111-111111111111',
        '10000000-0000-4000-8000-000000000010',
        'Diagram and Infographic Builder',
        'Turns technical notes into explainable diagrams, infographic outlines, visual hierarchy, captions, and source-backed review notes.',
        'CONTENT_GENERATOR',
        'Technical explainer visuals',
        'Product education',
        'Napkin AI',
        'diagram, infographic, explainer, visual, product-education',
        '12000000-0000-4000-8000-000000000002',
        'bbbbbbbb-bbbb-bbbb-bbbb-bbbbbbbbbbbb',
        'APPROVED',
        'ORGANIZATION',
        'MEDIUM',
        '41000000-0000-4000-8000-000000000104',
        '12000000-0000-4000-8000-000000000002',
        now() - interval '6 days',
        now() - interval '2 hours',
        0
    ),
    (
        '40000000-0000-4000-8000-000000000105',
        '11111111-1111-1111-1111-111111111111',
        '88888888-8888-8888-8888-888888888888',
        'Video Storyboard and B-roll Prompt Workflow',
        'Creates video storyboard beats, scene prompts, b-roll ideas, motion notes, and review checks from a campaign narrative.',
        'WORKFLOW_AUTOMATION',
        'Video generation planning',
        'Content operations',
        'Runway',
        'video-generation, storyboard, b-roll, runway, content',
        'bbbbbbbb-bbbb-bbbb-bbbb-bbbbbbbbbbbb',
        '12000000-0000-4000-8000-000000000001',
        'IN_REVIEW',
        'TEAM',
        'MEDIUM',
        '41000000-0000-4000-8000-000000000105',
        'bbbbbbbb-bbbb-bbbb-bbbb-bbbbbbbbbbbb',
        now() - interval '3 days',
        now() - interval '25 minutes',
        0
    )
ON CONFLICT (id) DO NOTHING;

INSERT INTO asset_versions (
    id, asset_id, version_number, prompt_template, workflow_steps_json, input_schema_json,
    output_schema_json, example_input, example_output, change_note, created_by_user_id,
    created_at, updated_at, version
) VALUES
    (
        '41000000-0000-4000-8000-000000000101',
        '40000000-0000-4000-8000-000000000101',
        1,
        'Create image-generation prompts for {{product_brief}} using {{brand_rules}}. Include composition, lighting, negative prompt, variants, and review checklist.',
        '[{"name":"Capture product brief"},{"name":"Map brand constraints"},{"name":"Draft prompt variants"},{"name":"Run image model"},{"name":"Review brand and safety fit"},{"name":"Publish approved variants"}]',
        '{"product_brief":"string","brand_rules":"string","audience":"string","usage_channel":"string"}',
        '{"prompts":"array","negative_prompt":"string","shot_list":"array","review_checklist":"array","approved_variants":"array"}',
        'Product launch hero image for enterprise governance campaign.',
        'Prompt set with composition notes, negative prompt, review checklist, and approved variants.',
        'Approved image-generation workflow',
        'bbbbbbbb-bbbb-bbbb-bbbb-bbbbbbbbbbbb',
        now() - interval '13 days',
        now() - interval '20 minutes',
        0
    ),
    (
        '41000000-0000-4000-8000-000000000102',
        '40000000-0000-4000-8000-000000000102',
        1,
        'Turn {{campaign_brief}} into image ad concepts for {{channels}}. Generate visual directions, headline variants, CTA copy, and test labels.',
        '[{"name":"Read campaign brief"},{"name":"Segment by channel"},{"name":"Generate visual concepts"},{"name":"Write headline variants"},{"name":"Label experiments"},{"name":"Prepare creative review"}]',
        '{"campaign_brief":"string","channels":"array","audience":"string","brand_constraints":"string"}',
        '{"concepts":"array","headlines":"array","cta_variants":"array","experiment_labels":"array"}',
        'LinkedIn and Instagram campaign for AI governance webinar.',
        'Channel-specific image ad concepts with copy variants and experiment labels.',
        'Approved ad creative generator',
        'bbbbbbbb-bbbb-bbbb-bbbb-bbbbbbbbbbbb',
        now() - interval '9 days',
        now() - interval '35 minutes',
        0
    ),
    (
        '41000000-0000-4000-8000-000000000103',
        '40000000-0000-4000-8000-000000000103',
        1,
        'Generate product photo background prompts for {{product}}. Include clean background direction, lighting, camera angle, and forbidden elements.',
        '[{"name":"Capture product and channel"},{"name":"Choose background style"},{"name":"Generate prompt variants"},{"name":"Check forbidden elements"},{"name":"Select final directions"}]',
        '{"product":"string","channel":"string","style_constraints":"string","forbidden_elements":"array"}',
        '{"background_prompts":"array","lighting_notes":"array","camera_angles":"array","approval_checks":"array"}',
        'New analytics dashboard product screenshot for launch page.',
        'Background prompt variants with lighting, camera angle, and approval checks.',
        'Approved product photo generator',
        'bbbbbbbb-bbbb-bbbb-bbbb-bbbbbbbbbbbb',
        now() - interval '8 days',
        now() - interval '1 hour',
        0
    ),
    (
        '41000000-0000-4000-8000-000000000104',
        '40000000-0000-4000-8000-000000000104',
        1,
        'Convert {{technical_notes}} into an infographic or diagram. Preserve source facts, create visual hierarchy, labels, captions, and review notes.',
        '[{"name":"Parse technical notes"},{"name":"Identify key entities"},{"name":"Draft diagram structure"},{"name":"Write labels and captions"},{"name":"Attach source-backed review notes"}]',
        '{"technical_notes":"string","audience":"string","source_links":"array","format":"string"}',
        '{"diagram_outline":"array","labels":"array","captions":"array","review_notes":"array"}',
        'Architecture notes for AI capability lifecycle.',
        'Infographic outline with labels, captions, and source-backed review notes.',
        'Approved infographic builder',
        '12000000-0000-4000-8000-000000000002',
        now() - interval '6 days',
        now() - interval '2 hours',
        0
    ),
    (
        '41000000-0000-4000-8000-000000000105',
        '40000000-0000-4000-8000-000000000105',
        1,
        'Create video storyboard and b-roll prompts from {{campaign_narrative}}. Include scenes, motion notes, visual references, captions, and review checks.',
        '[{"name":"Capture campaign narrative"},{"name":"Draft storyboard beats"},{"name":"Generate b-roll prompts"},{"name":"Write motion notes"},{"name":"Prepare review checklist"}]',
        '{"campaign_narrative":"string","audience":"string","duration":"string","brand_constraints":"string"}',
        '{"storyboard":"array","b_roll_prompts":"array","motion_notes":"array","review_checklist":"array"}',
        '90-second product launch explainer for social channels.',
        'Storyboard beats, b-roll prompt set, motion notes, and review checklist.',
        'Video workflow candidate',
        'bbbbbbbb-bbbb-bbbb-bbbb-bbbbbbbbbbbb',
        now() - interval '3 days',
        now() - interval '25 minutes',
        0
    )
ON CONFLICT (id) DO NOTHING;

INSERT INTO asset_usage_events (
    id, asset_id, user_id, event_type, metadata_json, created_at, updated_at, version
) VALUES
    ('42000000-0000-4000-8000-000000000101', '40000000-0000-4000-8000-000000000101', 'bbbbbbbb-bbbb-bbbb-bbbb-bbbbbbbbbbbb', 'USED', '{"source":"seed","demo":"image-generation"}', now() - interval '2 hours', now() - interval '2 hours', 0),
    ('42000000-0000-4000-8000-000000000102', '40000000-0000-4000-8000-000000000101', '12000000-0000-4000-8000-000000000002', 'USED', '{"source":"seed","demo":"image-generation"}', now() - interval '1 hour', now() - interval '1 hour', 0),
    ('42000000-0000-4000-8000-000000000103', '40000000-0000-4000-8000-000000000102', 'bbbbbbbb-bbbb-bbbb-bbbb-bbbbbbbbbbbb', 'USED', '{"source":"seed","demo":"ad-creative"}', now() - interval '90 minutes', now() - interval '90 minutes', 0),
    ('42000000-0000-4000-8000-000000000104', '40000000-0000-4000-8000-000000000103', 'bbbbbbbb-bbbb-bbbb-bbbb-bbbbbbbbbbbb', 'USED', '{"source":"seed","demo":"product-photo"}', now() - interval '45 minutes', now() - interval '45 minutes', 0),
    ('42000000-0000-4000-8000-000000000105', '40000000-0000-4000-8000-000000000104', '12000000-0000-4000-8000-000000000002', 'USED', '{"source":"seed","demo":"infographic"}', now() - interval '30 minutes', now() - interval '30 minutes', 0)
ON CONFLICT (id) DO NOTHING;
