BEGIN;
INSERT INTO departments (id, organization_id, name, created_at, updated_at, version) VALUES ('d2000000-0000-4000-8000-000000000001', '11111111-1111-1111-1111-111111111111', 'Company', now(), now(), 0) ON CONFLICT (id) DO UPDATE SET name = EXCLUDED.name, updated_at = now();
INSERT INTO departments (id, organization_id, name, created_at, updated_at, version) VALUES ('d2000000-0000-4000-8000-000000000002', '11111111-1111-1111-1111-111111111111', 'Human Resources', now(), now(), 0) ON CONFLICT (id) DO UPDATE SET name = EXCLUDED.name, updated_at = now();
INSERT INTO departments (id, organization_id, name, created_at, updated_at, version) VALUES ('d2000000-0000-4000-8000-000000000003', '11111111-1111-1111-1111-111111111111', 'Finance', now(), now(), 0) ON CONFLICT (id) DO UPDATE SET name = EXCLUDED.name, updated_at = now();
INSERT INTO departments (id, organization_id, name, created_at, updated_at, version) VALUES ('d2000000-0000-4000-8000-000000000004', '11111111-1111-1111-1111-111111111111', 'Product', now(), now(), 0) ON CONFLICT (id) DO UPDATE SET name = EXCLUDED.name, updated_at = now();
INSERT INTO departments (id, organization_id, name, created_at, updated_at, version) VALUES ('d2000000-0000-4000-8000-000000000005', '11111111-1111-1111-1111-111111111111', 'Engineering', now(), now(), 0) ON CONFLICT (id) DO UPDATE SET name = EXCLUDED.name, updated_at = now();
INSERT INTO departments (id, organization_id, name, created_at, updated_at, version) VALUES ('d2000000-0000-4000-8000-000000000006', '11111111-1111-1111-1111-111111111111', 'Operations', now(), now(), 0) ON CONFLICT (id) DO UPDATE SET name = EXCLUDED.name, updated_at = now();
INSERT INTO departments (id, organization_id, name, created_at, updated_at, version) VALUES ('d2000000-0000-4000-8000-000000000007', '11111111-1111-1111-1111-111111111111', 'Legal & Compliance', now(), now(), 0) ON CONFLICT (id) DO UPDATE SET name = EXCLUDED.name, updated_at = now();
INSERT INTO departments (id, organization_id, name, created_at, updated_at, version) VALUES ('d2000000-0000-4000-8000-000000000008', '11111111-1111-1111-1111-111111111111', 'Executive Office', now(), now(), 0) ON CONFLICT (id) DO UPDATE SET name = EXCLUDED.name, updated_at = now();
INSERT INTO app_users (id, organization_id, department_id, name, email, role, active, created_at, updated_at, version) VALUES ('d1000000-0000-4000-8000-000000000001', '11111111-1111-1111-1111-111111111111', 'd2000000-0000-4000-8000-000000000002', 'Nguyễn Văn An', 'user001@synthetic.local', 'EMPLOYEE', true, now(), now(), 0) ON CONFLICT (id) DO UPDATE SET department_id = EXCLUDED.department_id, name = EXCLUDED.name, email = EXCLUDED.email, role = EXCLUDED.role, active = EXCLUDED.active, updated_at = now();
INSERT INTO external_identities (id, app_user_id, issuer, subject, created_at, updated_at, version) VALUES ('d3000000-0000-4000-8000-000000000001', 'd1000000-0000-4000-8000-000000000001', 'http://localhost:8180/realms/orgmemory', 'd1000000-0000-4000-8000-000000000001', now(), now(), 0) ON CONFLICT (issuer, subject) DO UPDATE SET app_user_id = EXCLUDED.app_user_id, updated_at = now();
INSERT INTO app_users (id, organization_id, department_id, name, email, role, active, created_at, updated_at, version) VALUES ('d1000000-0000-4000-8000-000000000002', '11111111-1111-1111-1111-111111111111', 'd2000000-0000-4000-8000-000000000003', 'Trần Thị Bình', 'user002@synthetic.local', 'MANAGER', true, now(), now(), 0) ON CONFLICT (id) DO UPDATE SET department_id = EXCLUDED.department_id, name = EXCLUDED.name, email = EXCLUDED.email, role = EXCLUDED.role, active = EXCLUDED.active, updated_at = now();
INSERT INTO external_identities (id, app_user_id, issuer, subject, created_at, updated_at, version) VALUES ('d3000000-0000-4000-8000-000000000002', 'd1000000-0000-4000-8000-000000000002', 'http://localhost:8180/realms/orgmemory', 'd1000000-0000-4000-8000-000000000002', now(), now(), 0) ON CONFLICT (issuer, subject) DO UPDATE SET app_user_id = EXCLUDED.app_user_id, updated_at = now();
INSERT INTO app_users (id, organization_id, department_id, name, email, role, active, created_at, updated_at, version) VALUES ('d1000000-0000-4000-8000-000000000003', '11111111-1111-1111-1111-111111111111', 'd2000000-0000-4000-8000-000000000004', 'Lê Minh Châu', 'user003@synthetic.local', 'DIRECTOR', true, now(), now(), 0) ON CONFLICT (id) DO UPDATE SET department_id = EXCLUDED.department_id, name = EXCLUDED.name, email = EXCLUDED.email, role = EXCLUDED.role, active = EXCLUDED.active, updated_at = now();
INSERT INTO external_identities (id, app_user_id, issuer, subject, created_at, updated_at, version) VALUES ('d3000000-0000-4000-8000-000000000003', 'd1000000-0000-4000-8000-000000000003', 'http://localhost:8180/realms/orgmemory', 'd1000000-0000-4000-8000-000000000003', now(), now(), 0) ON CONFLICT (issuer, subject) DO UPDATE SET app_user_id = EXCLUDED.app_user_id, updated_at = now();
INSERT INTO app_users (id, organization_id, department_id, name, email, role, active, created_at, updated_at, version) VALUES ('d1000000-0000-4000-8000-000000000004', '11111111-1111-1111-1111-111111111111', 'd2000000-0000-4000-8000-000000000005', 'Phạm Quốc Dũng', 'user004@synthetic.local', 'EMPLOYEE', true, now(), now(), 0) ON CONFLICT (id) DO UPDATE SET department_id = EXCLUDED.department_id, name = EXCLUDED.name, email = EXCLUDED.email, role = EXCLUDED.role, active = EXCLUDED.active, updated_at = now();
INSERT INTO external_identities (id, app_user_id, issuer, subject, created_at, updated_at, version) VALUES ('d3000000-0000-4000-8000-000000000004', 'd1000000-0000-4000-8000-000000000004', 'http://localhost:8180/realms/orgmemory', 'd1000000-0000-4000-8000-000000000004', now(), now(), 0) ON CONFLICT (issuer, subject) DO UPDATE SET app_user_id = EXCLUDED.app_user_id, updated_at = now();
INSERT INTO app_users (id, organization_id, department_id, name, email, role, active, created_at, updated_at, version) VALUES ('d1000000-0000-4000-8000-000000000005', '11111111-1111-1111-1111-111111111111', 'd2000000-0000-4000-8000-000000000006', 'Hoàng Thu Hà', 'user005@synthetic.local', 'MANAGER', true, now(), now(), 0) ON CONFLICT (id) DO UPDATE SET department_id = EXCLUDED.department_id, name = EXCLUDED.name, email = EXCLUDED.email, role = EXCLUDED.role, active = EXCLUDED.active, updated_at = now();
INSERT INTO external_identities (id, app_user_id, issuer, subject, created_at, updated_at, version) VALUES ('d3000000-0000-4000-8000-000000000005', 'd1000000-0000-4000-8000-000000000005', 'http://localhost:8180/realms/orgmemory', 'd1000000-0000-4000-8000-000000000005', now(), now(), 0) ON CONFLICT (issuer, subject) DO UPDATE SET app_user_id = EXCLUDED.app_user_id, updated_at = now();
INSERT INTO app_users (id, organization_id, department_id, name, email, role, active, created_at, updated_at, version) VALUES ('d1000000-0000-4000-8000-000000000006', '11111111-1111-1111-1111-111111111111', 'd2000000-0000-4000-8000-000000000007', 'Đỗ Anh Khoa', 'user006@synthetic.local', 'DIRECTOR', true, now(), now(), 0) ON CONFLICT (id) DO UPDATE SET department_id = EXCLUDED.department_id, name = EXCLUDED.name, email = EXCLUDED.email, role = EXCLUDED.role, active = EXCLUDED.active, updated_at = now();
INSERT INTO external_identities (id, app_user_id, issuer, subject, created_at, updated_at, version) VALUES ('d3000000-0000-4000-8000-000000000006', 'd1000000-0000-4000-8000-000000000006', 'http://localhost:8180/realms/orgmemory', 'd1000000-0000-4000-8000-000000000006', now(), now(), 0) ON CONFLICT (issuer, subject) DO UPDATE SET app_user_id = EXCLUDED.app_user_id, updated_at = now();
INSERT INTO app_users (id, organization_id, department_id, name, email, role, active, created_at, updated_at, version) VALUES ('d1000000-0000-4000-8000-000000000007', '11111111-1111-1111-1111-111111111111', 'd2000000-0000-4000-8000-000000000008', 'Vũ Thị Lan', 'user007@synthetic.local', 'EXECUTIVE', true, now(), now(), 0) ON CONFLICT (id) DO UPDATE SET department_id = EXCLUDED.department_id, name = EXCLUDED.name, email = EXCLUDED.email, role = EXCLUDED.role, active = EXCLUDED.active, updated_at = now();
INSERT INTO external_identities (id, app_user_id, issuer, subject, created_at, updated_at, version) VALUES ('d3000000-0000-4000-8000-000000000007', 'd1000000-0000-4000-8000-000000000007', 'http://localhost:8180/realms/orgmemory', 'd1000000-0000-4000-8000-000000000007', now(), now(), 0) ON CONFLICT (issuer, subject) DO UPDATE SET app_user_id = EXCLUDED.app_user_id, updated_at = now();
INSERT INTO app_users (id, organization_id, department_id, name, email, role, active, created_at, updated_at, version) VALUES ('d1000000-0000-4000-8000-000000000008', '11111111-1111-1111-1111-111111111111', 'd2000000-0000-4000-8000-000000000001', 'Bùi Đức Minh', 'user008@synthetic.local', 'EMPLOYEE', true, now(), now(), 0) ON CONFLICT (id) DO UPDATE SET department_id = EXCLUDED.department_id, name = EXCLUDED.name, email = EXCLUDED.email, role = EXCLUDED.role, active = EXCLUDED.active, updated_at = now();
INSERT INTO external_identities (id, app_user_id, issuer, subject, created_at, updated_at, version) VALUES ('d3000000-0000-4000-8000-000000000008', 'd1000000-0000-4000-8000-000000000008', 'http://localhost:8180/realms/orgmemory', 'd1000000-0000-4000-8000-000000000008', now(), now(), 0) ON CONFLICT (issuer, subject) DO UPDATE SET app_user_id = EXCLUDED.app_user_id, updated_at = now();
INSERT INTO app_users (id, organization_id, department_id, name, email, role, active, created_at, updated_at, version) VALUES ('d1000000-0000-4000-8000-000000000009', '11111111-1111-1111-1111-111111111111', 'd2000000-0000-4000-8000-000000000002', 'Đặng Thanh Nga', 'user009@synthetic.local', 'EMPLOYEE', true, now(), now(), 0) ON CONFLICT (id) DO UPDATE SET department_id = EXCLUDED.department_id, name = EXCLUDED.name, email = EXCLUDED.email, role = EXCLUDED.role, active = EXCLUDED.active, updated_at = now();
INSERT INTO external_identities (id, app_user_id, issuer, subject, created_at, updated_at, version) VALUES ('d3000000-0000-4000-8000-000000000009', 'd1000000-0000-4000-8000-000000000009', 'http://localhost:8180/realms/orgmemory', 'd1000000-0000-4000-8000-000000000009', now(), now(), 0) ON CONFLICT (issuer, subject) DO UPDATE SET app_user_id = EXCLUDED.app_user_id, updated_at = now();
INSERT INTO app_users (id, organization_id, department_id, name, email, role, active, created_at, updated_at, version) VALUES ('d1000000-0000-4000-8000-000000000010', '11111111-1111-1111-1111-111111111111', 'd2000000-0000-4000-8000-000000000003', 'Phan Hải Nam', 'user010@synthetic.local', 'MANAGER', true, now(), now(), 0) ON CONFLICT (id) DO UPDATE SET department_id = EXCLUDED.department_id, name = EXCLUDED.name, email = EXCLUDED.email, role = EXCLUDED.role, active = EXCLUDED.active, updated_at = now();
INSERT INTO external_identities (id, app_user_id, issuer, subject, created_at, updated_at, version) VALUES ('d3000000-0000-4000-8000-000000000010', 'd1000000-0000-4000-8000-000000000010', 'http://localhost:8180/realms/orgmemory', 'd1000000-0000-4000-8000-000000000010', now(), now(), 0) ON CONFLICT (issuer, subject) DO UPDATE SET app_user_id = EXCLUDED.app_user_id, updated_at = now();
INSERT INTO app_users (id, organization_id, department_id, name, email, role, active, created_at, updated_at, version) VALUES ('d1000000-0000-4000-8000-000000000011', '11111111-1111-1111-1111-111111111111', 'd2000000-0000-4000-8000-000000000004', 'Mai Phương Linh', 'user011@synthetic.local', 'DIRECTOR', true, now(), now(), 0) ON CONFLICT (id) DO UPDATE SET department_id = EXCLUDED.department_id, name = EXCLUDED.name, email = EXCLUDED.email, role = EXCLUDED.role, active = EXCLUDED.active, updated_at = now();
INSERT INTO external_identities (id, app_user_id, issuer, subject, created_at, updated_at, version) VALUES ('d3000000-0000-4000-8000-000000000011', 'd1000000-0000-4000-8000-000000000011', 'http://localhost:8180/realms/orgmemory', 'd1000000-0000-4000-8000-000000000011', now(), now(), 0) ON CONFLICT (issuer, subject) DO UPDATE SET app_user_id = EXCLUDED.app_user_id, updated_at = now();
INSERT INTO app_users (id, organization_id, department_id, name, email, role, active, created_at, updated_at, version) VALUES ('d1000000-0000-4000-8000-000000000012', '11111111-1111-1111-1111-111111111111', 'd2000000-0000-4000-8000-000000000005', 'Tạ Quang Huy', 'user012@synthetic.local', 'EMPLOYEE', true, now(), now(), 0) ON CONFLICT (id) DO UPDATE SET department_id = EXCLUDED.department_id, name = EXCLUDED.name, email = EXCLUDED.email, role = EXCLUDED.role, active = EXCLUDED.active, updated_at = now();
INSERT INTO external_identities (id, app_user_id, issuer, subject, created_at, updated_at, version) VALUES ('d3000000-0000-4000-8000-000000000012', 'd1000000-0000-4000-8000-000000000012', 'http://localhost:8180/realms/orgmemory', 'd1000000-0000-4000-8000-000000000012', now(), now(), 0) ON CONFLICT (issuer, subject) DO UPDATE SET app_user_id = EXCLUDED.app_user_id, updated_at = now();
INSERT INTO app_users (id, organization_id, department_id, name, email, role, active, created_at, updated_at, version) VALUES ('d1000000-0000-4000-8000-000000000013', '11111111-1111-1111-1111-111111111111', 'd2000000-0000-4000-8000-000000000006', 'Ngô Thùy Dương', 'user013@synthetic.local', 'MANAGER', true, now(), now(), 0) ON CONFLICT (id) DO UPDATE SET department_id = EXCLUDED.department_id, name = EXCLUDED.name, email = EXCLUDED.email, role = EXCLUDED.role, active = EXCLUDED.active, updated_at = now();
INSERT INTO external_identities (id, app_user_id, issuer, subject, created_at, updated_at, version) VALUES ('d3000000-0000-4000-8000-000000000013', 'd1000000-0000-4000-8000-000000000013', 'http://localhost:8180/realms/orgmemory', 'd1000000-0000-4000-8000-000000000013', now(), now(), 0) ON CONFLICT (issuer, subject) DO UPDATE SET app_user_id = EXCLUDED.app_user_id, updated_at = now();
INSERT INTO app_users (id, organization_id, department_id, name, email, role, active, created_at, updated_at, version) VALUES ('d1000000-0000-4000-8000-000000000014', '11111111-1111-1111-1111-111111111111', 'd2000000-0000-4000-8000-000000000007', 'Cao Việt Long', 'user014@synthetic.local', 'DIRECTOR', true, now(), now(), 0) ON CONFLICT (id) DO UPDATE SET department_id = EXCLUDED.department_id, name = EXCLUDED.name, email = EXCLUDED.email, role = EXCLUDED.role, active = EXCLUDED.active, updated_at = now();
INSERT INTO external_identities (id, app_user_id, issuer, subject, created_at, updated_at, version) VALUES ('d3000000-0000-4000-8000-000000000014', 'd1000000-0000-4000-8000-000000000014', 'http://localhost:8180/realms/orgmemory', 'd1000000-0000-4000-8000-000000000014', now(), now(), 0) ON CONFLICT (issuer, subject) DO UPDATE SET app_user_id = EXCLUDED.app_user_id, updated_at = now();
INSERT INTO app_users (id, organization_id, department_id, name, email, role, active, created_at, updated_at, version) VALUES ('d1000000-0000-4000-8000-000000000015', '11111111-1111-1111-1111-111111111111', 'd2000000-0000-4000-8000-000000000008', 'Lý Hồng Nhung', 'user015@synthetic.local', 'EXECUTIVE', true, now(), now(), 0) ON CONFLICT (id) DO UPDATE SET department_id = EXCLUDED.department_id, name = EXCLUDED.name, email = EXCLUDED.email, role = EXCLUDED.role, active = EXCLUDED.active, updated_at = now();
INSERT INTO external_identities (id, app_user_id, issuer, subject, created_at, updated_at, version) VALUES ('d3000000-0000-4000-8000-000000000015', 'd1000000-0000-4000-8000-000000000015', 'http://localhost:8180/realms/orgmemory', 'd1000000-0000-4000-8000-000000000015', now(), now(), 0) ON CONFLICT (issuer, subject) DO UPDATE SET app_user_id = EXCLUDED.app_user_id, updated_at = now();
INSERT INTO app_users (id, organization_id, department_id, name, email, role, active, created_at, updated_at, version) VALUES ('d1000000-0000-4000-8000-000000000016', '11111111-1111-1111-1111-111111111111', 'd2000000-0000-4000-8000-000000000001', 'Trương Gia Bảo', 'user016@synthetic.local', 'EMPLOYEE', true, now(), now(), 0) ON CONFLICT (id) DO UPDATE SET department_id = EXCLUDED.department_id, name = EXCLUDED.name, email = EXCLUDED.email, role = EXCLUDED.role, active = EXCLUDED.active, updated_at = now();
INSERT INTO external_identities (id, app_user_id, issuer, subject, created_at, updated_at, version) VALUES ('d3000000-0000-4000-8000-000000000016', 'd1000000-0000-4000-8000-000000000016', 'http://localhost:8180/realms/orgmemory', 'd1000000-0000-4000-8000-000000000016', now(), now(), 0) ON CONFLICT (issuer, subject) DO UPDATE SET app_user_id = EXCLUDED.app_user_id, updated_at = now();
INSERT INTO app_users (id, organization_id, department_id, name, email, role, active, created_at, updated_at, version) VALUES ('d1000000-0000-4000-8000-000000000017', '11111111-1111-1111-1111-111111111111', 'd2000000-0000-4000-8000-000000000002', 'Đinh Mai Anh', 'user017@synthetic.local', 'EMPLOYEE', true, now(), now(), 0) ON CONFLICT (id) DO UPDATE SET department_id = EXCLUDED.department_id, name = EXCLUDED.name, email = EXCLUDED.email, role = EXCLUDED.role, active = EXCLUDED.active, updated_at = now();
INSERT INTO external_identities (id, app_user_id, issuer, subject, created_at, updated_at, version) VALUES ('d3000000-0000-4000-8000-000000000017', 'd1000000-0000-4000-8000-000000000017', 'http://localhost:8180/realms/orgmemory', 'd1000000-0000-4000-8000-000000000017', now(), now(), 0) ON CONFLICT (issuer, subject) DO UPDATE SET app_user_id = EXCLUDED.app_user_id, updated_at = now();
INSERT INTO app_users (id, organization_id, department_id, name, email, role, active, created_at, updated_at, version) VALUES ('d1000000-0000-4000-8000-000000000018', '11111111-1111-1111-1111-111111111111', 'd2000000-0000-4000-8000-000000000003', 'Hồ Quốc Khánh', 'user018@synthetic.local', 'MANAGER', true, now(), now(), 0) ON CONFLICT (id) DO UPDATE SET department_id = EXCLUDED.department_id, name = EXCLUDED.name, email = EXCLUDED.email, role = EXCLUDED.role, active = EXCLUDED.active, updated_at = now();
INSERT INTO external_identities (id, app_user_id, issuer, subject, created_at, updated_at, version) VALUES ('d3000000-0000-4000-8000-000000000018', 'd1000000-0000-4000-8000-000000000018', 'http://localhost:8180/realms/orgmemory', 'd1000000-0000-4000-8000-000000000018', now(), now(), 0) ON CONFLICT (issuer, subject) DO UPDATE SET app_user_id = EXCLUDED.app_user_id, updated_at = now();
INSERT INTO app_users (id, organization_id, department_id, name, email, role, active, created_at, updated_at, version) VALUES ('d1000000-0000-4000-8000-000000000019', '11111111-1111-1111-1111-111111111111', 'd2000000-0000-4000-8000-000000000004', 'Chu Thanh Tâm', 'user019@synthetic.local', 'DIRECTOR', true, now(), now(), 0) ON CONFLICT (id) DO UPDATE SET department_id = EXCLUDED.department_id, name = EXCLUDED.name, email = EXCLUDED.email, role = EXCLUDED.role, active = EXCLUDED.active, updated_at = now();
INSERT INTO external_identities (id, app_user_id, issuer, subject, created_at, updated_at, version) VALUES ('d3000000-0000-4000-8000-000000000019', 'd1000000-0000-4000-8000-000000000019', 'http://localhost:8180/realms/orgmemory', 'd1000000-0000-4000-8000-000000000019', now(), now(), 0) ON CONFLICT (issuer, subject) DO UPDATE SET app_user_id = EXCLUDED.app_user_id, updated_at = now();
INSERT INTO app_users (id, organization_id, department_id, name, email, role, active, created_at, updated_at, version) VALUES ('d1000000-0000-4000-8000-000000000020', '11111111-1111-1111-1111-111111111111', 'd2000000-0000-4000-8000-000000000005', 'Võ Minh Đức', 'user020@synthetic.local', 'EMPLOYEE', true, now(), now(), 0) ON CONFLICT (id) DO UPDATE SET department_id = EXCLUDED.department_id, name = EXCLUDED.name, email = EXCLUDED.email, role = EXCLUDED.role, active = EXCLUDED.active, updated_at = now();
INSERT INTO external_identities (id, app_user_id, issuer, subject, created_at, updated_at, version) VALUES ('d3000000-0000-4000-8000-000000000020', 'd1000000-0000-4000-8000-000000000020', 'http://localhost:8180/realms/orgmemory', 'd1000000-0000-4000-8000-000000000020', now(), now(), 0) ON CONFLICT (issuer, subject) DO UPDATE SET app_user_id = EXCLUDED.app_user_id, updated_at = now();
INSERT INTO app_users (id, organization_id, department_id, name, email, role, active, created_at, updated_at, version) VALUES ('d1000000-0000-4000-8000-000000000021', '11111111-1111-1111-1111-111111111111', 'd2000000-0000-4000-8000-000000000006', 'Lâm Hương Giang', 'user021@synthetic.local', 'MANAGER', true, now(), now(), 0) ON CONFLICT (id) DO UPDATE SET department_id = EXCLUDED.department_id, name = EXCLUDED.name, email = EXCLUDED.email, role = EXCLUDED.role, active = EXCLUDED.active, updated_at = now();
INSERT INTO external_identities (id, app_user_id, issuer, subject, created_at, updated_at, version) VALUES ('d3000000-0000-4000-8000-000000000021', 'd1000000-0000-4000-8000-000000000021', 'http://localhost:8180/realms/orgmemory', 'd1000000-0000-4000-8000-000000000021', now(), now(), 0) ON CONFLICT (issuer, subject) DO UPDATE SET app_user_id = EXCLUDED.app_user_id, updated_at = now();
INSERT INTO app_users (id, organization_id, department_id, name, email, role, active, created_at, updated_at, version) VALUES ('d1000000-0000-4000-8000-000000000022', '11111111-1111-1111-1111-111111111111', 'd2000000-0000-4000-8000-000000000007', 'Tô Nhật Quang', 'user022@synthetic.local', 'DIRECTOR', true, now(), now(), 0) ON CONFLICT (id) DO UPDATE SET department_id = EXCLUDED.department_id, name = EXCLUDED.name, email = EXCLUDED.email, role = EXCLUDED.role, active = EXCLUDED.active, updated_at = now();
INSERT INTO external_identities (id, app_user_id, issuer, subject, created_at, updated_at, version) VALUES ('d3000000-0000-4000-8000-000000000022', 'd1000000-0000-4000-8000-000000000022', 'http://localhost:8180/realms/orgmemory', 'd1000000-0000-4000-8000-000000000022', now(), now(), 0) ON CONFLICT (issuer, subject) DO UPDATE SET app_user_id = EXCLUDED.app_user_id, updated_at = now();
INSERT INTO app_users (id, organization_id, department_id, name, email, role, active, created_at, updated_at, version) VALUES ('d1000000-0000-4000-8000-000000000023', '11111111-1111-1111-1111-111111111111', 'd2000000-0000-4000-8000-000000000008', 'Đào Mỹ Linh', 'user023@synthetic.local', 'EXECUTIVE', true, now(), now(), 0) ON CONFLICT (id) DO UPDATE SET department_id = EXCLUDED.department_id, name = EXCLUDED.name, email = EXCLUDED.email, role = EXCLUDED.role, active = EXCLUDED.active, updated_at = now();
INSERT INTO external_identities (id, app_user_id, issuer, subject, created_at, updated_at, version) VALUES ('d3000000-0000-4000-8000-000000000023', 'd1000000-0000-4000-8000-000000000023', 'http://localhost:8180/realms/orgmemory', 'd1000000-0000-4000-8000-000000000023', now(), now(), 0) ON CONFLICT (issuer, subject) DO UPDATE SET app_user_id = EXCLUDED.app_user_id, updated_at = now();
INSERT INTO app_users (id, organization_id, department_id, name, email, role, active, created_at, updated_at, version) VALUES ('d1000000-0000-4000-8000-000000000024', '11111111-1111-1111-1111-111111111111', 'd2000000-0000-4000-8000-000000000001', 'Nguyễn Hoàng Phúc', 'user024@synthetic.local', 'EMPLOYEE', true, now(), now(), 0) ON CONFLICT (id) DO UPDATE SET department_id = EXCLUDED.department_id, name = EXCLUDED.name, email = EXCLUDED.email, role = EXCLUDED.role, active = EXCLUDED.active, updated_at = now();
INSERT INTO external_identities (id, app_user_id, issuer, subject, created_at, updated_at, version) VALUES ('d3000000-0000-4000-8000-000000000024', 'd1000000-0000-4000-8000-000000000024', 'http://localhost:8180/realms/orgmemory', 'd1000000-0000-4000-8000-000000000024', now(), now(), 0) ON CONFLICT (issuer, subject) DO UPDATE SET app_user_id = EXCLUDED.app_user_id, updated_at = now();
INSERT INTO app_users (id, organization_id, department_id, name, email, role, active, created_at, updated_at, version) VALUES ('d1000000-0000-4000-8000-000000000025', '11111111-1111-1111-1111-111111111111', 'd2000000-0000-4000-8000-000000000002', 'Trần Hải Yến', 'user025@synthetic.local', 'EMPLOYEE', true, now(), now(), 0) ON CONFLICT (id) DO UPDATE SET department_id = EXCLUDED.department_id, name = EXCLUDED.name, email = EXCLUDED.email, role = EXCLUDED.role, active = EXCLUDED.active, updated_at = now();
INSERT INTO external_identities (id, app_user_id, issuer, subject, created_at, updated_at, version) VALUES ('d3000000-0000-4000-8000-000000000025', 'd1000000-0000-4000-8000-000000000025', 'http://localhost:8180/realms/orgmemory', 'd1000000-0000-4000-8000-000000000025', now(), now(), 0) ON CONFLICT (issuer, subject) DO UPDATE SET app_user_id = EXCLUDED.app_user_id, updated_at = now();
INSERT INTO app_users (id, organization_id, department_id, name, email, role, active, created_at, updated_at, version) VALUES ('d1000000-0000-4000-8000-000000000026', '11111111-1111-1111-1111-111111111111', 'd2000000-0000-4000-8000-000000000003', 'Lê Tuấn Anh', 'user026@synthetic.local', 'MANAGER', true, now(), now(), 0) ON CONFLICT (id) DO UPDATE SET department_id = EXCLUDED.department_id, name = EXCLUDED.name, email = EXCLUDED.email, role = EXCLUDED.role, active = EXCLUDED.active, updated_at = now();
INSERT INTO external_identities (id, app_user_id, issuer, subject, created_at, updated_at, version) VALUES ('d3000000-0000-4000-8000-000000000026', 'd1000000-0000-4000-8000-000000000026', 'http://localhost:8180/realms/orgmemory', 'd1000000-0000-4000-8000-000000000026', now(), now(), 0) ON CONFLICT (issuer, subject) DO UPDATE SET app_user_id = EXCLUDED.app_user_id, updated_at = now();
INSERT INTO app_users (id, organization_id, department_id, name, email, role, active, created_at, updated_at, version) VALUES ('d1000000-0000-4000-8000-000000000027', '11111111-1111-1111-1111-111111111111', 'd2000000-0000-4000-8000-000000000004', 'Phạm Ngọc Mai', 'user027@synthetic.local', 'DIRECTOR', true, now(), now(), 0) ON CONFLICT (id) DO UPDATE SET department_id = EXCLUDED.department_id, name = EXCLUDED.name, email = EXCLUDED.email, role = EXCLUDED.role, active = EXCLUDED.active, updated_at = now();
INSERT INTO external_identities (id, app_user_id, issuer, subject, created_at, updated_at, version) VALUES ('d3000000-0000-4000-8000-000000000027', 'd1000000-0000-4000-8000-000000000027', 'http://localhost:8180/realms/orgmemory', 'd1000000-0000-4000-8000-000000000027', now(), now(), 0) ON CONFLICT (issuer, subject) DO UPDATE SET app_user_id = EXCLUDED.app_user_id, updated_at = now();
INSERT INTO app_users (id, organization_id, department_id, name, email, role, active, created_at, updated_at, version) VALUES ('d1000000-0000-4000-8000-000000000028', '11111111-1111-1111-1111-111111111111', 'd2000000-0000-4000-8000-000000000005', 'Vũ Đức Thắng', 'user028@synthetic.local', 'EMPLOYEE', true, now(), now(), 0) ON CONFLICT (id) DO UPDATE SET department_id = EXCLUDED.department_id, name = EXCLUDED.name, email = EXCLUDED.email, role = EXCLUDED.role, active = EXCLUDED.active, updated_at = now();
INSERT INTO external_identities (id, app_user_id, issuer, subject, created_at, updated_at, version) VALUES ('d3000000-0000-4000-8000-000000000028', 'd1000000-0000-4000-8000-000000000028', 'http://localhost:8180/realms/orgmemory', 'd1000000-0000-4000-8000-000000000028', now(), now(), 0) ON CONFLICT (issuer, subject) DO UPDATE SET app_user_id = EXCLUDED.app_user_id, updated_at = now();
INSERT INTO app_users (id, organization_id, department_id, name, email, role, active, created_at, updated_at, version) VALUES ('d1000000-0000-4000-8000-000000000029', '11111111-1111-1111-1111-111111111111', 'd2000000-0000-4000-8000-000000000006', 'Bùi Kim Ngân', 'user029@synthetic.local', 'MANAGER', true, now(), now(), 0) ON CONFLICT (id) DO UPDATE SET department_id = EXCLUDED.department_id, name = EXCLUDED.name, email = EXCLUDED.email, role = EXCLUDED.role, active = EXCLUDED.active, updated_at = now();
INSERT INTO external_identities (id, app_user_id, issuer, subject, created_at, updated_at, version) VALUES ('d3000000-0000-4000-8000-000000000029', 'd1000000-0000-4000-8000-000000000029', 'http://localhost:8180/realms/orgmemory', 'd1000000-0000-4000-8000-000000000029', now(), now(), 0) ON CONFLICT (issuer, subject) DO UPDATE SET app_user_id = EXCLUDED.app_user_id, updated_at = now();
INSERT INTO app_users (id, organization_id, department_id, name, email, role, active, created_at, updated_at, version) VALUES ('d1000000-0000-4000-8000-000000000030', '11111111-1111-1111-1111-111111111111', 'd2000000-0000-4000-8000-000000000007', 'Đặng Minh Trí', 'user030@synthetic.local', 'DIRECTOR', true, now(), now(), 0) ON CONFLICT (id) DO UPDATE SET department_id = EXCLUDED.department_id, name = EXCLUDED.name, email = EXCLUDED.email, role = EXCLUDED.role, active = EXCLUDED.active, updated_at = now();
INSERT INTO external_identities (id, app_user_id, issuer, subject, created_at, updated_at, version) VALUES ('d3000000-0000-4000-8000-000000000030', 'd1000000-0000-4000-8000-000000000030', 'http://localhost:8180/realms/orgmemory', 'd1000000-0000-4000-8000-000000000030', now(), now(), 0) ON CONFLICT (issuer, subject) DO UPDATE SET app_user_id = EXCLUDED.app_user_id, updated_at = now();
INSERT INTO app_users (id, organization_id, department_id, name, email, role, active, created_at, updated_at, version) VALUES ('d1000000-0000-4000-8000-000000000031', '11111111-1111-1111-1111-111111111111', 'd2000000-0000-4000-8000-000000000008', 'Hoàng Bảo Ngọc', 'user031@synthetic.local', 'EXECUTIVE', true, now(), now(), 0) ON CONFLICT (id) DO UPDATE SET department_id = EXCLUDED.department_id, name = EXCLUDED.name, email = EXCLUDED.email, role = EXCLUDED.role, active = EXCLUDED.active, updated_at = now();
INSERT INTO external_identities (id, app_user_id, issuer, subject, created_at, updated_at, version) VALUES ('d3000000-0000-4000-8000-000000000031', 'd1000000-0000-4000-8000-000000000031', 'http://localhost:8180/realms/orgmemory', 'd1000000-0000-4000-8000-000000000031', now(), now(), 0) ON CONFLICT (issuer, subject) DO UPDATE SET app_user_id = EXCLUDED.app_user_id, updated_at = now();
INSERT INTO app_users (id, organization_id, department_id, name, email, role, active, created_at, updated_at, version) VALUES ('d1000000-0000-4000-8000-000000000032', '11111111-1111-1111-1111-111111111111', 'd2000000-0000-4000-8000-000000000001', 'Phan Quốc Việt', 'user032@synthetic.local', 'EMPLOYEE', true, now(), now(), 0) ON CONFLICT (id) DO UPDATE SET department_id = EXCLUDED.department_id, name = EXCLUDED.name, email = EXCLUDED.email, role = EXCLUDED.role, active = EXCLUDED.active, updated_at = now();
INSERT INTO external_identities (id, app_user_id, issuer, subject, created_at, updated_at, version) VALUES ('d3000000-0000-4000-8000-000000000032', 'd1000000-0000-4000-8000-000000000032', 'http://localhost:8180/realms/orgmemory', 'd1000000-0000-4000-8000-000000000032', now(), now(), 0) ON CONFLICT (issuer, subject) DO UPDATE SET app_user_id = EXCLUDED.app_user_id, updated_at = now();
COMMIT;
